round,country,population,pop_pct,capital,stockpile,sick,cured,deaths,production,trust,deaths_total,vaccinated_total,given_total,received_total,sold_total,betrayals,alive
1,India,9790000,97.9,5310000,0,1600000,1390000,210000,1090000,50,210000,1390000,0,0,0,0,TRUE
1,USA,6000000,100,3204000,380223,600000,600000,0,636000,46.4,0,600000,55777,0,0,1,TRUE
1,China,9370000,98.63157895,4940000,0,1520000,1390000,130000,1040000,50,130000,1390000,0,0,0,0,TRUE
1,Brazil,3926000,98.15,1944000,86751,640000,566000,74000,416000,50,74000,566000,0,86751,0,0,TRUE
1,Germany,2500000,100,1328000,191026,250000,250000,0,272000,41.5,0,250000,30974,0,0,1,TRUE
2,India,9790000,97.9,4634490,59311,1000000,1000000,0,1067110,42.1,210000,2390000,7799,0,0,1,TRUE
2,USA,6000000,100,2808000,44391,960000,960000,0,636000,38.6,0,1560000,67609,0,0,2,TRUE
2,China,9370000,98.63157895,4289032,60718,950000,950000,0,1025768,49.9,130000,2340000,15050,0,0,1,TRUE
2,Brazil,3781055,94.526375,1692736,131061,640000,495055,144945,408304,50,218945,1061055,0,217812,0,0,TRUE
2,Germany,2500000,100,1156000,116646,250000,250000,0,272000,39,0,500000,127354,0,0,2,TRUE
3,India,9316421,93.16421,3958980,0,1600000,1126421,473579,1067110,42.3,683579,3516421,7799,0,0,1,TRUE
3,USA,6000000,100,2412000,58593,600000,600000,0,636000,33,0,2160000,89407,0,0,3,TRUE
3,China,8936486,94.06827368,3638064,0,1520000,1086486,433514,1025768,49.9,563514,3426486,15050,0,0,1,TRUE
3,Brazil,3665345,91.633625,1450749,56559,640000,524290,115710,393230,50,334655,1585345,0,274371,0,0,TRUE
3,Germany,2500000,100,984000,103885,250000,250000,0,272000,31.2,0,750000,162115,0,0,3,TRUE
4,India,9316421,93.16421,3316148,12493,1000000,1000000,0,1015490,39.1,683579,4516421,10795,0,0,2,TRUE
4,USA,6000000,100,2016000,70273,600000,600000,0,636000,27.1,0,2760000,113727,0,0,4,TRUE
4,China,8936486,94.06827368,3017213,24214,950000,950000,0,978310,45.8,563514,4376486,19146,0,0,2,TRUE
4,Brazil,3463099,86.577475,1216168,72189,640000,437754,202246,381196,50,536901,2023099,0,346560,0,0,TRUE
4,Germany,2500000,100,812000,85108,250000,250000,0,272000,25.6,0,1000000,202892,0,0,4,TRUE
5,India,9316421,93.16421,2673316,27982,1000000,1000000,0,1015490,39.3,683579,5516421,10795,0,0,2,TRUE
5,USA,6000000,100,1620000,106273,600000,600000,0,636000,27.5,0,3360000,113727,0,0,4,TRUE
5,China,8936486,94.06827368,2396363,52524,950000,950000,0,978310,45.9,563514,5326486,19146,0,0,2,TRUE
5,Brazil,3463099,86.577475,994530,32351,400000,400000,0,360162,50,536901,2423099,0,346560,0,0,TRUE
5,Germany,2500000,100,640000,107108,250000,250000,0,272000,26.1,0,1250000,202892,0,0,4,TRUE
6,India,9316421,93.16421,2030484,36371,1000000,1000000,0,1015490,34.5,683579,6516421,17895,0,0,3,TRUE
6,USA,6000000,100,1224000,71969,600000,600000,0,636000,33.3,0,3960000,184031,0,0,4,TRUE
6,China,8936486,94.06827368,1775512,72803,950000,950000,0,978310,38.6,563514,6276486,27177,0,0,3,TRUE
6,Brazil,3215612,80.3903,772892,138369,640000,392513,247487,360162,50,784388,2815612,0,484929,0,0,TRUE
6,Germany,2500000,100,468000,76174,250000,250000,0,272000,22.8,0,1500000,255826,0,0,5,TRUE
7,India,8768281,87.68281,1217217,215978,1600000,1051860,548140,1015490,34.8,1231719,7568281,17895,102355,0,3,TRUE
7,USA,6000000,100,894108,44073,600000,600000,0,636000,31.6,0,4560000,203855,0,44072,5,TRUE
7,China,8936486,94.06827368,1216778,41412,950000,950000,0,978310,48.3,563514,7226486,45467,0,41411,3,TRUE
7,Brazil,3215612,80.3903,567093,50444,400000,400000,0,334424,48.2,784388,3215612,22348,484929,0,1,TRUE
7,Germany,2500000,100,338210,28141,250000,250000,0,272000,28.4,0,1750000,297719,0,28140,5,TRUE
8,India,8340001,83.40001,568776,28954,1600000,1171720,428280,955743,35.1,1659999,8740001,17895,102355,0,3,TRUE
8,USA,5720073,95.33455,498108,0,960000,680073,279927,636000,32,279927,5240073,203855,0,44072,5,TRUE
8,China,8936486,94.06827368,639358,28954,950000,950000,0,978310,46.1,563514,8176486,57281,0,70365,4,TRUE
8,Brazil,2960479,74.011975,361295,11814,640000,384867,255133,334424,48.2,1039521,3600479,22348,496743,0,1,TRUE
8,Germany,2400141,96.00564,166210,0,400000,300141,99859,272000,28.8,99859,2050141,297719,0,28140,5,TRUE
9,India,7671330,76.7133,1,4448,1600000,931329,668671,909060,35.4,2328670,9671330,17895,106803,0,3,TRUE
9,USA,5720073,95.33455,124016,2288,600000,600000,0,606328,26.7,279927,5840073,205606,0,46360,6,TRUE
9,China,8423750,88.67105263,18508,0,1520000,1007264,512736,978310,46.2,1076250,9183750,57281,0,70365,4,TRUE
9,Brazil,2880182,72.00455,162065,6507,400000,319703,80297,307890,48.3,1119818,3920182,22348,496743,0,1,TRUE
9,Germany,2400141,96.00564,7409,4219,250000,250000,0,261135,21,99859,2300141,300416,0,32359,6,TRUE
10,India,6382631,63.82631,1,0,1600000,311301,1288699,836175,35.7,3617369,9982631,17895,106803,0,3,TRUE
10,USA,5475179,91.25298333,1,0,600000,355106,244894,606328,27.2,524821,6195179,205606,0,46360,6,TRUE
10,China,7259207,76.41270526,1,0,1520000,355457,1164543,922179,46.2,2240793,9539207,57281,0,70365,4,TRUE
10,Brazil,2763961,69.099025,0,0,400000,283779,116221,299539,48.3,1236039,4203961,22348,496743,0,1,TRUE
10,Germany,2257774,90.31096,0,0,250000,107633,142367,261135,21.6,242226,2407774,300416,0,32359,6,TRUE
